Camera,Frame,PersonCount
data/CAM1.mp4,30,0
data/CAM1.mp4,60,0
data/CAM1.mp4,90,0
data/CAM1.mp4,120,0
data/CAM1.mp4,150,0
data/CAM1.mp4,180,0
data/CAM1.mp4,210,0
data/CAM1.mp4,240,0
data/CAM1.mp4,270,0
data/CAM1.mp4,300,0
data/CAM1.mp4,330,0
data/CAM1.mp4,360,0
data/CAM1.mp4,390,0
data/CAM1.mp4,420,0
data/CAM1.mp4,450,0
data/CAM1.mp4,480,0
data/CAM1.mp4,510,0
data/CAM1.mp4,540,0
data/CAM1.mp4,570,0
data/CAM1.mp4,600,0
data/CAM1.mp4,630,0
data/CAM1.mp4,660,0
data/CAM1.mp4,690,0
data/CAM1.mp4,720,0
data/CAM1.mp4,750,0
data/CAM1.mp4,780,0
data/CAM1.mp4,810,0
data/CAM1.mp4,840,0
data/CAM1.mp4,870,0
data/CAM1.mp4,900,0
data/CAM1.mp4,930,0
data/CAM1.mp4,960,0
data/CAM1.mp4,990,0
data/CAM1.mp4,1020,0
data/CAM1.mp4,1050,0
data/CAM1.mp4,1080,0
data/CAM1.mp4,1110,0
data/CAM1.mp4,1140,0
data/CAM1.mp4,1170,0
data/CAM1.mp4,1200,0
data/CAM1.mp4,1230,0
data/CAM1.mp4,1260,0
data/CAM1.mp4,1290,0
data/CAM1.mp4,1320,0
data/CAM1.mp4,1350,0
data/CAM1.mp4,1380,0
data/CAM1.mp4,1410,0
data/CAM1.mp4,1440,0
data/CAM1.mp4,1470,0
data/CAM1.mp4,1500,0
data/CAM1.mp4,1530,0
data/CAM1.mp4,1560,0
data/CAM1.mp4,1590,0
data/CAM1.mp4,1620,1
data/CAM1.mp4,1650,0
data/CAM1.mp4,1680,0
data/CAM1.mp4,1710,0
data/CAM1.mp4,1740,0
data/CAM1.mp4,1770,0
data/CAM1.mp4,1800,0
data/CAM1.mp4,1830,0
data/CAM1.mp4,1860,0
data/CAM1.mp4,1890,0
data/CAM1.mp4,1920,0
data/CAM1.mp4,1950,0
data/CAM1.mp4,1980,0
data/CAM1.mp4,2010,0
data/CAM1.mp4,2040,0
data/CAM1.mp4,2070,0
data/CAM1.mp4,2100,0
data/CAM1.mp4,2130,0
data/CAM1.mp4,2160,0
data/CAM1.mp4,2190,0
data/CAM1.mp4,2220,0
data/CAM1.mp4,2250,0
data/CAM1.mp4,2280,0
data/CAM1.mp4,2310,0
data/CAM1.mp4,2340,0
data/CAM1.mp4,2370,0
data/CAM1.mp4,2400,0
data/CAM1.mp4,2430,0
data/CAM1.mp4,2460,0
data/CAM1.mp4,2490,0
data/CAM1.mp4,2520,0
data/CAM1.mp4,2550,0
data/CAM1.mp4,2580,0
data/CAM1.mp4,2610,0
data/CAM1.mp4,2640,0
data/CAM1.mp4,2670,0
data/CAM1.mp4,2700,0
data/CAM1.mp4,2730,0
data/CAM1.mp4,2760,0
data/CAM1.mp4,2790,0
data/CAM1.mp4,2820,0
data/CAM1.mp4,2850,0
data/CAM1.mp4,2880,0
data/CAM1.mp4,2910,0
data/CAM1.mp4,2940,0
data/CAM1.mp4,2970,0
data/CAM1.mp4,3000,0
data/CAM1.mp4,3030,0
data/CAM1.mp4,3060,0
data/CAM1.mp4,3090,0
data/CAM1.mp4,3120,0
data/CAM1.mp4,3150,0
data/CAM1.mp4,3180,0
data/CAM1.mp4,3210,0
data/CAM1.mp4,3240,0
data/CAM1.mp4,3270,0
data/CAM1.mp4,3300,0
data/CAM1.mp4,3330,0
data/CAM1.mp4,3360,0
data/CAM1.mp4,3390,0
data/CAM1.mp4,3420,0
data/CAM1.mp4,3450,0
data/CAM1.mp4,3480,0
data/CAM1.mp4,3510,0
data/CAM1.mp4,3540,0
data/CAM1.mp4,3570,0
data/CAM1.mp4,3600,0
data/CAM1.mp4,3630,0
data/CAM2.mp4,30,1
data/CAM2.mp4,60,2
data/CAM2.mp4,90,1
data/CAM2.mp4,120,0
data/CAM2.mp4,150,1
data/CAM2.mp4,180,1
data/CAM2.mp4,210,1
data/CAM2.mp4,240,1
data/CAM2.mp4,270,1
data/CAM2.mp4,300,1
data/CAM2.mp4,330,1
data/CAM2.mp4,360,2
data/CAM2.mp4,390,2
data/CAM2.mp4,420,1
data/CAM2.mp4,450,1
data/CAM2.mp4,480,3
data/CAM2.mp4,510,2
data/CAM2.mp4,540,2
data/CAM2.mp4,570,2
data/CAM2.mp4,600,2
data/CAM2.mp4,630,2
data/CAM2.mp4,660,2
data/CAM2.mp4,690,2
data/CAM2.mp4,720,2
data/CAM2.mp4,750,3
data/CAM2.mp4,780,2
data/CAM2.mp4,810,2
data/CAM2.mp4,840,2
data/CAM2.mp4,870,3
data/CAM2.mp4,900,4
data/CAM2.mp4,930,2
data/CAM2.mp4,960,3
data/CAM2.mp4,990,2
data/CAM2.mp4,1020,3
data/CAM2.mp4,1050,1
data/CAM2.mp4,1080,1
data/CAM2.mp4,1110,1
data/CAM2.mp4,1140,1
data/CAM2.mp4,1170,2
data/CAM2.mp4,1200,2
data/CAM2.mp4,1230,1
data/CAM2.mp4,1260,1
data/CAM2.mp4,1290,1
data/CAM2.mp4,1320,2
data/CAM2.mp4,1350,2
data/CAM2.mp4,1380,1
data/CAM2.mp4,1410,1
data/CAM2.mp4,1440,2
data/CAM2.mp4,1470,3
data/CAM2.mp4,1500,3
data/CAM2.mp4,1530,2
data/CAM2.mp4,1560,2
data/CAM2.mp4,1590,0
data/CAM2.mp4,1620,1
data/CAM2.mp4,1650,0
data/CAM2.mp4,1680,0
data/CAM2.mp4,1710,0
data/CAM2.mp4,1740,1
data/CAM2.mp4,1770,1
data/CAM2.mp4,1800,1
data/CAM2.mp4,1830,1
data/CAM2.mp4,1860,2
data/CAM2.mp4,1890,2
data/CAM2.mp4,1920,1
data/CAM2.mp4,1950,0
data/CAM2.mp4,1980,2
data/CAM2.mp4,2010,2
data/CAM2.mp4,2040,2
data/CAM2.mp4,2070,2
data/CAM2.mp4,2100,3
data/CAM2.mp4,2130,3
data/CAM2.mp4,2160,2
data/CAM2.mp4,2190,1
data/CAM2.mp4,2220,1
data/CAM2.mp4,2250,0
data/CAM2.mp4,2280,0
data/CAM2.mp4,2310,0
data/CAM2.mp4,2340,0
data/CAM2.mp4,2370,0
data/CAM2.mp4,2400,0
data/CAM2.mp4,2430,0
data/CAM2.mp4,2460,0
data/CAM2.mp4,2490,0
data/CAM2.mp4,2520,0
data/CAM2.mp4,2550,1
data/CAM2.mp4,2580,1
data/CAM2.mp4,2610,2
data/CAM2.mp4,2640,1
data/CAM2.mp4,2670,1
data/CAM2.mp4,2700,1
data/CAM2.mp4,2730,0
data/CAM2.mp4,2760,0
data/CAM2.mp4,2790,0
data/CAM2.mp4,2820,0
data/CAM2.mp4,2850,0
data/CAM2.mp4,2880,0
data/CAM2.mp4,2910,0
data/CAM2.mp4,2940,0
data/CAM2.mp4,2970,0
data/CAM2.mp4,3000,0
data/CAM2.mp4,3030,0
data/CAM2.mp4,3060,0
data/CAM2.mp4,3090,0
data/CAM2.mp4,3120,1
data/CAM2.mp4,3150,1
data/CAM2.mp4,3180,1
data/CAM2.mp4,3210,1
data/CAM2.mp4,3240,2
data/CAM2.mp4,3270,1
data/CAM2.mp4,3300,2
data/CAM2.mp4,3330,2
data/CAM2.mp4,3360,2
data/CAM2.mp4,3390,1
data/CAM2.mp4,3420,1
data/CAM2.mp4,3450,2
data/CAM3.mp4,30,1
data/CAM3.mp4,60,2
data/CAM3.mp4,90,1
data/CAM3.mp4,120,0
data/CAM3.mp4,150,1
data/CAM3.mp4,180,1
data/CAM3.mp4,210,1
data/CAM3.mp4,240,1
data/CAM3.mp4,270,1
data/CAM3.mp4,300,1
data/CAM3.mp4,330,1
data/CAM3.mp4,360,2
data/CAM3.mp4,390,2
data/CAM3.mp4,420,1
data/CAM3.mp4,450,1
data/CAM3.mp4,480,3
data/CAM3.mp4,510,2
data/CAM3.mp4,540,2
data/CAM3.mp4,570,2
data/CAM3.mp4,600,2
data/CAM3.mp4,630,2
data/CAM3.mp4,660,2
data/CAM3.mp4,690,2
data/CAM3.mp4,720,2
data/CAM3.mp4,750,3
data/CAM3.mp4,780,2
data/CAM3.mp4,810,2
data/CAM3.mp4,840,2
data/CAM3.mp4,870,3
data/CAM3.mp4,900,4
data/CAM3.mp4,930,2
data/CAM3.mp4,960,3
data/CAM3.mp4,990,2
data/CAM3.mp4,1020,3
data/CAM3.mp4,1050,1
data/CAM3.mp4,1080,1
data/CAM3.mp4,1110,1
data/CAM3.mp4,1140,1
data/CAM3.mp4,1170,2
data/CAM3.mp4,1200,2
data/CAM3.mp4,1230,1
data/CAM3.mp4,1260,1
data/CAM3.mp4,1290,1
data/CAM3.mp4,1320,2
data/CAM3.mp4,1350,2
data/CAM3.mp4,1380,1
data/CAM3.mp4,1410,1
data/CAM3.mp4,1440,2
data/CAM3.mp4,1470,3
data/CAM3.mp4,1500,3
data/CAM3.mp4,1530,2
data/CAM3.mp4,1560,2
data/CAM3.mp4,1590,0
data/CAM3.mp4,1620,1
data/CAM3.mp4,1650,0
data/CAM3.mp4,1680,0
data/CAM3.mp4,1710,0
data/CAM3.mp4,1740,1
data/CAM3.mp4,1770,1
data/CAM3.mp4,1800,1
data/CAM3.mp4,1830,1
data/CAM3.mp4,1860,2
data/CAM3.mp4,1890,2
data/CAM3.mp4,1920,1
data/CAM3.mp4,1950,0
data/CAM3.mp4,1980,2
data/CAM3.mp4,2010,2
data/CAM3.mp4,2040,2
data/CAM3.mp4,2070,2
data/CAM3.mp4,2100,3
data/CAM3.mp4,2130,3
data/CAM3.mp4,2160,2
data/CAM3.mp4,2190,1
data/CAM3.mp4,2220,1
data/CAM3.mp4,2250,0
data/CAM3.mp4,2280,0
data/CAM3.mp4,2310,0
data/CAM3.mp4,2340,0
data/CAM3.mp4,2370,0
data/CAM3.mp4,2400,0
data/CAM3.mp4,2430,0
data/CAM3.mp4,2460,0
data/CAM3.mp4,2490,0
data/CAM3.mp4,2520,0
data/CAM3.mp4,2550,1
data/CAM3.mp4,2580,1
data/CAM3.mp4,2610,2
data/CAM3.mp4,2640,1
data/CAM3.mp4,2670,1
data/CAM3.mp4,2700,1
data/CAM3.mp4,2730,0
data/CAM3.mp4,2760,0
data/CAM3.mp4,2790,0
data/CAM3.mp4,2820,0
data/CAM3.mp4,2850,0
data/CAM3.mp4,2880,0
data/CAM3.mp4,2910,0
data/CAM3.mp4,2940,0
data/CAM3.mp4,2970,0
data/CAM3.mp4,3000,0
data/CAM3.mp4,3030,0
data/CAM3.mp4,3060,0
data/CAM3.mp4,3090,0
data/CAM3.mp4,3120,1
data/CAM3.mp4,3150,1
data/CAM3.mp4,3180,1
data/CAM3.mp4,3210,1
data/CAM3.mp4,3240,2
data/CAM3.mp4,3270,1
data/CAM3.mp4,3300,2
data/CAM3.mp4,3330,2
data/CAM3.mp4,3360,2
data/CAM3.mp4,3390,1
data/CAM3.mp4,3420,1
data/CAM3.mp4,3450,2
data/CAM4.mp4,30,0
data/CAM4.mp4,60,0
data/CAM4.mp4,90,0
data/CAM4.mp4,120,0
data/CAM4.mp4,150,0
data/CAM4.mp4,180,0
data/CAM4.mp4,210,0
data/CAM4.mp4,240,0
data/CAM4.mp4,270,0
data/CAM4.mp4,300,0
data/CAM4.mp4,330,0
data/CAM4.mp4,360,0
data/CAM4.mp4,390,0
data/CAM4.mp4,420,0
data/CAM4.mp4,450,0
data/CAM4.mp4,480,0
data/CAM4.mp4,510,0
data/CAM4.mp4,540,0
data/CAM4.mp4,570,0
data/CAM4.mp4,600,0
data/CAM4.mp4,630,0
data/CAM4.mp4,660,0
data/CAM4.mp4,690,0
data/CAM4.mp4,720,0
data/CAM4.mp4,750,0
data/CAM4.mp4,780,0
data/CAM4.mp4,810,0
data/CAM4.mp4,840,0
data/CAM4.mp4,870,0
data/CAM4.mp4,900,0
data/CAM4.mp4,930,0
data/CAM4.mp4,960,0
data/CAM4.mp4,990,0
data/CAM4.mp4,1020,0
data/CAM4.mp4,1050,0
data/CAM4.mp4,1080,0
data/CAM4.mp4,1110,0
data/CAM4.mp4,1140,0
data/CAM4.mp4,1170,0
data/CAM4.mp4,1200,0
data/CAM4.mp4,1230,0
data/CAM4.mp4,1260,0
data/CAM4.mp4,1290,0
data/CAM4.mp4,1320,0
data/CAM4.mp4,1350,0
data/CAM4.mp4,1380,0
data/CAM4.mp4,1410,0
data/CAM4.mp4,1440,0
data/CAM4.mp4,1470,0
data/CAM4.mp4,1500,0
data/CAM4.mp4,1530,0
data/CAM4.mp4,1560,0
data/CAM4.mp4,1590,0
data/CAM4.mp4,1620,1
data/CAM4.mp4,1650,0
data/CAM4.mp4,1680,0
data/CAM4.mp4,1710,0
data/CAM4.mp4,1740,0
data/CAM4.mp4,1770,0
data/CAM4.mp4,1800,0
data/CAM4.mp4,1830,0
data/CAM4.mp4,1860,0
data/CAM4.mp4,1890,0
data/CAM4.mp4,1920,0
data/CAM4.mp4,1950,0
data/CAM4.mp4,1980,0
data/CAM4.mp4,2010,0
data/CAM4.mp4,2040,0
data/CAM4.mp4,2070,0
data/CAM4.mp4,2100,0
data/CAM4.mp4,2130,0
data/CAM4.mp4,2160,0
data/CAM4.mp4,2190,0
data/CAM4.mp4,2220,0
data/CAM4.mp4,2250,0
data/CAM4.mp4,2280,0
data/CAM4.mp4,2310,0
data/CAM4.mp4,2340,0
data/CAM4.mp4,2370,0
data/CAM4.mp4,2400,0
data/CAM4.mp4,2430,0
data/CAM4.mp4,2460,0
data/CAM4.mp4,2490,0
data/CAM4.mp4,2520,0
data/CAM4.mp4,2550,0
data/CAM4.mp4,2580,0
data/CAM4.mp4,2610,0
data/CAM4.mp4,2640,0
data/CAM4.mp4,2670,0
data/CAM4.mp4,2700,0
data/CAM4.mp4,2730,0
data/CAM4.mp4,2760,0
data/CAM4.mp4,2790,0
data/CAM4.mp4,2820,0
data/CAM4.mp4,2850,0
data/CAM4.mp4,2880,0
data/CAM4.mp4,2910,0
data/CAM4.mp4,2940,0
data/CAM4.mp4,2970,0
data/CAM4.mp4,3000,0
data/CAM4.mp4,3030,0
data/CAM4.mp4,3060,0
data/CAM4.mp4,3090,0
data/CAM4.mp4,3120,0
data/CAM4.mp4,3150,0
data/CAM4.mp4,3180,0
data/CAM4.mp4,3210,0
data/CAM4.mp4,3240,0
data/CAM4.mp4,3270,0
data/CAM4.mp4,3300,0
data/CAM4.mp4,3330,0
data/CAM4.mp4,3360,0
data/CAM4.mp4,3390,0
data/CAM4.mp4,3420,0
data/CAM4.mp4,3450,0
data/CAM4.mp4,3480,0
data/CAM4.mp4,3510,0
data/CAM4.mp4,3540,0
data/CAM4.mp4,3570,0
data/CAM4.mp4,3600,0
data/CAM4.mp4,3630,0
data/CAM5.mp4,30,1
data/CAM5.mp4,60,2
data/CAM5.mp4,90,1
data/CAM5.mp4,120,0
data/CAM5.mp4,150,1
data/CAM5.mp4,180,1
data/CAM5.mp4,210,1
data/CAM5.mp4,240,1
data/CAM5.mp4,270,1
data/CAM5.mp4,300,1
data/CAM5.mp4,330,1
data/CAM5.mp4,360,2
data/CAM5.mp4,390,2
data/CAM5.mp4,420,1
data/CAM5.mp4,450,1
data/CAM5.mp4,480,3
data/CAM5.mp4,510,2
data/CAM5.mp4,540,2
data/CAM5.mp4,570,2
data/CAM5.mp4,600,2
data/CAM5.mp4,630,2
data/CAM5.mp4,660,2
data/CAM5.mp4,690,2
data/CAM5.mp4,720,2
data/CAM5.mp4,750,3
data/CAM5.mp4,780,2
data/CAM5.mp4,810,2
data/CAM5.mp4,840,2
data/CAM5.mp4,870,3
data/CAM5.mp4,900,4
data/CAM5.mp4,930,2
data/CAM5.mp4,960,3
data/CAM5.mp4,990,2
data/CAM5.mp4,1020,3
data/CAM5.mp4,1050,1
data/CAM5.mp4,1080,1
data/CAM5.mp4,1110,1
data/CAM5.mp4,1140,1
data/CAM5.mp4,1170,2
data/CAM5.mp4,1200,2
data/CAM5.mp4,1230,1
data/CAM5.mp4,1260,1
data/CAM5.mp4,1290,1
data/CAM5.mp4,1320,2
data/CAM5.mp4,1350,2
data/CAM5.mp4,1380,1
data/CAM5.mp4,1410,1
data/CAM5.mp4,1440,2
data/CAM5.mp4,1470,3
data/CAM5.mp4,1500,3
data/CAM5.mp4,1530,2
data/CAM5.mp4,1560,2
data/CAM5.mp4,1590,0
data/CAM5.mp4,1620,1
data/CAM5.mp4,1650,0
data/CAM5.mp4,1680,0
data/CAM5.mp4,1710,0
data/CAM5.mp4,1740,1
data/CAM5.mp4,1770,1
data/CAM5.mp4,1800,1
data/CAM5.mp4,1830,1
data/CAM5.mp4,1860,2
data/CAM5.mp4,1890,2
data/CAM5.mp4,1920,1
data/CAM5.mp4,1950,0
data/CAM5.mp4,1980,2
data/CAM5.mp4,2010,2
data/CAM5.mp4,2040,2
data/CAM5.mp4,2070,2
data/CAM5.mp4,2100,3
data/CAM5.mp4,2130,3
data/CAM5.mp4,2160,2
data/CAM5.mp4,2190,1
data/CAM5.mp4,2220,1
data/CAM5.mp4,2250,0
data/CAM5.mp4,2280,0
data/CAM5.mp4,2310,0
data/CAM5.mp4,2340,0
data/CAM5.mp4,2370,0
data/CAM5.mp4,2400,0
data/CAM5.mp4,2430,0
data/CAM5.mp4,2460,0
data/CAM5.mp4,2490,0
data/CAM5.mp4,2520,0
data/CAM5.mp4,2550,1
data/CAM5.mp4,2580,1
data/CAM5.mp4,2610,2
data/CAM5.mp4,2640,1
data/CAM5.mp4,2670,1
data/CAM5.mp4,2700,1
data/CAM5.mp4,2730,0
data/CAM5.mp4,2760,0
data/CAM5.mp4,2790,0
data/CAM5.mp4,2820,0
data/CAM5.mp4,2850,0
data/CAM5.mp4,2880,0
data/CAM5.mp4,2910,0
data/CAM5.mp4,2940,0
data/CAM5.mp4,2970,0
data/CAM5.mp4,3000,0
data/CAM5.mp4,3030,0
data/CAM5.mp4,3060,0
data/CAM5.mp4,3090,0
data/CAM5.mp4,3120,1
data/CAM5.mp4,3150,1
data/CAM5.mp4,3180,1
data/CAM5.mp4,3210,1
data/CAM5.mp4,3240,2
data/CAM5.mp4,3270,1
data/CAM5.mp4,3300,2
data/CAM5.mp4,3330,2
data/CAM5.mp4,3360,2
data/CAM5.mp4,3390,1
data/CAM5.mp4,3420,1
data/CAM5.mp4,3450,2
